"ID","Clee","Nombre de la Unidad Económica","Razón social","Código de la clase de actividad SCIAN","Nombre de clase de la actividad","Descripcion estrato personal ocupado","Tipo de vialidad","Nombre de la vialidad","Tipo de entre vialidad 1","Nombre de entre vialidad 1","Tipo de entre vialidad 2","Nombre de entre vialidad 2","Tipo de entre vialidad 3","Nombre de entre vialidad 3","Número exterior o kilómetro","Letra exterior","Edificio","Edificio Piso","Número interior","Letra interior","Tipo de asentamiento humano","Nombre de asentamiento humano","Tipo centro comercial","Corredor industrial, centro comercial o mercado público","Número de local","Código Postal","Clave entidad","Entidad federativa","Clave municipio","Municipio","Clave localidad","Localidad","Área geoestadística básica ","Manzana","Número de teléfono","Correo electrónico","Sitio en Internet","Tipo de establecimiento","Latitud","Longitud","Fecha de incorporación al DENUE"
"9452814","27004462112005702001008202S1","OXXO SUC 500B5 CANANEA VSA","CADENA COMERCIAL OXXO","462112","Comercio al por menor en minisupers","0 a 5 personas","AVENIDA","MÁRTIRES DE CANANEA","AVENIDA","MÁRTIRES DE RÍO BLANCO","ANDADOR","ANDADOR DEL ELECTRICISTA","ANDADOR","ANDADOR DEL ALFARERO","501",,,,,,"COLONIA","INDECO UNIDAD",,,,"86017","27","TABASCO","004","Centro","0001","Villahermosa                                                                                                  ","1204","023",,"ATENCIONCLIENTES@OXXO.COM","WWW.OXXO.COM","Fijo","18.01923212","-92.89942951","2024-05"
"9422748","27013462112000722101008202S5","OXXO SUC 501UC ALLEGRO VSA","CADENA COMERCIAL OXXO","462112","Comercio al por menor en minisupers","0 a 5 personas","CARRETERA","VILLAHERMOSA - COMALCALCO","OTRO(ESPECIFIQUE)","NINGUNO","OTRO(ESPECIFIQUE)","NINGUNO","OTRO(ESPECIFIQUE)","NINGUNO",,"SN",,,,,"LOCALIDAD","SALOYA 2DA SECCION",,,,"86240","27","TABASCO","013","Nacajuca","0030","Santa Rosa                                                                                                    ","0084","800",,"ATENCIONCLIENTES@OXXO.COM","WWW.OXXO.COM","Fijo","18.04152695","-92.93475735","2024-05"
"12321647","27004462112007071000008202S9","OXXO SUC 501Z5 PLAZA YAMAL VSA","CADENA COMERCIAL OXXO","462112","Comercio al por menor en minisupers","0 a 5 personas","AVENIDA","CORONEL GREGORIO MENDEZ MAGAŃA","CALLE","NINGUNO","CALLE","NINGUNO","CALLE","NINGUNO","726",,,,,,"COLONIA","VILLAHERMOSA CENTRO",,,,"86000","27","TABASCO","004","Centro","0001","Villahermosa                                                                                                  ","009A","015",,"ATENCIONCLIENTES@OXXO.COM","WWW.OXXO.COM","Fijo","17.99354155","-92.91987208","2026-04"
"12321648","27004462112007081000008202S8","OXXO SUC 502TC MILAGROS VSA","CADENA COMERCIAL OXXO","462112","Comercio al por menor en minisupers","0 a 5 personas","CARRETERA","CARR. VILLAHERMOSA-COMALCALCO","CALLE","NINGUNO","CALLE","NINGUNO","CALLE","NINGUNO",,"SN",,,,,"COLONIA","SALOYA 2DA SECCION",,,,"86247","27","TABASCO","004","Centro","0311","Los Sauces                                                                                                    ","2289","028",,"ATENCIONCLIENTES@OXXO.COM","WWW.OXXO.COM","Fijo","18.03226487","-92.92101626","2026-04"
"12321655","27004462112007091000008202S7","OXXO SUC 502TE CITY CENTER VSA","CADENA COMERCIAL OXXO","462112","Comercio al por menor en minisupers","0 a 5 personas","CALLE","ANDADOR COLOMBIA","CALLE","NINGUNO","CALLE","NINGUNO","CALLE","NINGUNO","207",,,,,,"COLONIA","ATASTA",,,,"86100","27","TABASCO","004","Centro","0001","Villahermosa                                                                                                  ","0916","038",,"ATENCIONCLIENTES@OXXO.COM","WWW.OXXO.COM","Fijo","17.99166605","-92.94658315","2026-04"
"9457910","27004462112005952001008202S2","OXXO SUC 502WX ARC VSA","CADENA COMERCIAL OXXO","462112","Comercio al por menor en minisupers","0 a 5 personas","BOULEVARD","ADOLFO RUÍZ CORTINES","ANDADOR","NINGUNO","CALLE","NINGUNO","PRIVADA","CARLOS GREENE","2733",,,,,,"COLONIA","ATASTA",,,,"86100","27","TABASCO","004","Centro","0001","Villahermosa                                                                                                  ","1083","001",,"ATENCIONCLIENTES@OXXO.COM","WWW.OXXO.COM","Fijo","17.98711483","-92.95979781","2024-05"
"9397800","27004462112005922001008202S5","OXXO SUC 50469 VICENS VSA","CADENA COMERCIAL OXXO","462112","Comercio al por menor en minisupers","0 a 5 personas","CALLE","ALFONSO VICENS SALDÍVAR","CALLE","PEPE DEL RIVERO","CALLE","UNO","ANDADOR","NINGUNO",,"SN",,,,,"COLONIA","GAVIOTAS NORTE",,,,"86067","27","TABASCO","004","Centro","0001","Villahermosa                                                                                                  ","1295","030",,"ATENCIONCLIENTES@OXXO.COM","WWW.OXXO.COM","Fijo","17.97701349","-92.9181289","2024-05"
"9395138","27004462112005932001008202S4","OXXO SUC 5047N ERNESTO MALDA VSA","CADENA COMERCIAL OXXO","462112","Comercio al por menor en minisupers","0 a 5 personas","CALLE","ERNESTO MALDA","PRIVADA","PRIVADA DE LAS PALMAS","PRIVADA","SANTA TERESA","AVENIDA","CORONEL GREGORIO MÉNDEZ MAGAŃA",,"SN",,,,,"COLONIA","LINDAVISTA",,,,"86050","27","TABASCO","004","Centro","0001","Villahermosa                                                                                                  ","0140","020",,"ATENCIONCLIENTES@OXXO.COM","WWW.OXXO.COM","Fijo","17.99069145","-92.93926331","2024-05"
"6847513","27004462112004462001008202S3","OXXO SUC 50497 SAUCES VSA","CADENA COMERCIAL OXXO","462112","Comercio al por menor en minisupers","0 a 5 personas","CALLE","NINGUNO","CALLE","LA PERLA","CALLE","NINGUNO","CALLE","NINGUNO",,"SN",,,,,"LOCALIDAD","LOS SAUCES",,,,"86029","27","TABASCO","004","Centro","0311","Los Sauces                                                                                                    ","2289","010",,"ATENCIONCLIENTES@OXXO.COM","WWW.OXXO.COM","Fijo","18.03688965","-92.91785154","2018-03"
"9462251","27013462112000692101008202S0","OXXO SUC 50629 PLAZA CEDROS VSA","CADENA COMERCIAL OXXO","462112","Comercio al por menor en minisupers","0 a 5 personas","BOULEVARD","BICENTENARIO","OTRO(ESPECIFIQUE)","NINGUNO","OTRO(ESPECIFIQUE)","NINGUNO","OTRO(ESPECIFIQUE)","NINGUNO",,"SN",,,,,"COLONIA","BOSQUE DE SALOYA",,,,"86246","27","TABASCO","013","Nacajuca","0030","Santa Rosa                                                                                                    ","0084","800",,"ATENCIONCLIENTES@OXXO.COM","WWW.OXXO.COM","Fijo","18.0083927","-92.97662236","2024-05"
"11750587","27004462112006701000008202S2","OXXO SUC 5075D TORRE EMPRESARIAL VSA","CADENA COMERCIAL OXXO","462112","Comercio al por menor en minisupers","0 a 5 personas","AVENIDA","PASEO TABASCO","CIRCUITO","Benito Juárez García","BOULEVARD","Adolfo Ruíz Cortines","CIRCUITO","Ninguno","1203",,,,,,"COLONIA","LINDAVISTA",,,,"86050","27","TABASCO","004","Centro","0001","Villahermosa                                                                                                  ","0102","007",,,,"Fijo","17.99598443","-92.93898068","2025-04"
"9400148","27004462112005902001008202S7","OXXO SUC 507EV INDECO VSA","CADENA COMERCIAL OXXO","462112","Comercio al por menor en minisupers","0 a 5 personas","AVENIDA","ALTOS HORNOS","CALLE","CALLE DEL COMAL","CALLE","LA HAMACA","CALLE","CALLE DEL CANASTO",,"SN",,,,,"COLONIA","CIUDAD INDUSTRIAL",,,,"86017","27","TABASCO","004","Centro","0001","Villahermosa                                                                                                  ","1219","008",,"ATENCIONCLIENTES@OXXO.COM","WWW.OXXO.COM","Fijo","18.02286485","-92.89978335","2024-05"
"12321673","27004462112007141000008202S0","OXXO SUC 507XR VILLA PAGES VSA","CADENA COMERCIAL OXXO","462112","Comercio al por menor en minisupers","0 a 5 personas","AVENIDA","JOSÉ PAGES LLERGO","CALLE","NINGUNO","CALLE","NINGUNO","CALLE","NINGUNO","110",,,,,,"COLONIA","ARBOLEDAS",,,,"86079","27","TABASCO","004","Centro","0001","Villahermosa                                                                                                  ","009A","020",,"ATENCIONCLIENTES@OXXO.COM","WWW.OXXO.COM","Fijo","17.99685576","-92.92740042","2026-04"
"6846841","27004462112004452001008202S4","OXXO SUC 508W2 LAGOYO VSA","CADENA COMERCIAL OXXO","462112","Comercio al por menor en minisupers","0 a 5 personas","CALLE","ANACLETO CANABAL","CIRCUITO","INDEPENDENCIA","OTRO(ESPECIFIQUE)","NINGUNO","OTRO(ESPECIFIQUE)","NINGUNO",,"SN",,,,,"COLONIA","PRIMERO DE MAYO",,,,"86190","27","TABASCO","004","Centro","0001","Villahermosa                                                                                                  ","1492","001",,"ATENCIONCLIENTES@OXXO.COM","WWW.OXXO.COM","Fijo","17.97514891","-92.93358577","2018-03"
"9395818","27004462112005812001008202S8","OXXO SUC 509WO MALECON VSA","CADENA COMERCIAL OXXO","462112","Comercio al por menor en minisupers","0 a 5 personas","CALLE","MALECÓN INGENIERO LEANDRO ROVIROSA WADE","CALLE","CORRET","CALLE","FLOR DE FRANCIS","AVENIDA","LUIS DONALDO COLOSIO MURRIETA","401",,,,,,"COLONIA","GAVIOTAS",,,,"86068","27","TABASCO","004","Centro","0001","Villahermosa                                                                                                  ","1257","003",,"ATENCIONCLIENTES@OXXO.COM","WWW.OXXO.COM","Fijo","17.99428899","-92.91217489","2024-05"
"9459023","27004462112005822101008202S7","OXXO SUC 509ZR CICOM VSA","CADENA COMERCIAL OXXO","462112","Comercio al por menor en minisupers","0 a 5 personas","PERIFERICO","CARLOS PELLICER CÁMARA","CALLE","ANTONIO RULLÁN FERRER","CALLE","J. GUIMOND","CALLE","MARIANO ARISTA",,"SN",,,,,"COLONIA","MAYITO",,,,"86098","27","TABASCO","004","Centro","0001","Villahermosa                                                                                                  ","016A","011",,"ATENCIONCLIENTES@OXXO.COM","WWW.OXXO.COM","Fijo","17.98203796","-92.92342509","2024-05"
"6400863","27004462112000551001008202S7","OXXO SUC 50BHZ BONANZA VSA","CADENA COMERCIAL OXXO","462112","Comercio al por menor en minisupers","0 a 5 personas","AVENIDA","NUEVA IMAGEN","CALLE","SEIS","CALLE","SIETE","BOULEVARD","BONANZA",,"SN",,,,,"COLONIA","BONANZA",,,,"86030","27","TABASCO","004","Centro","0001","Villahermosa                                                                                                  ","0051","007",,"ATENCIONCLIENTES@OXXO.COM","WWW.OXXO.COM","Fijo","18.00472078","-92.93971483","2010-07"
"6399992","27004462112001642001008202S3","OXXO SUC 50BMB BAMBOO VSA","CADENA COMERCIAL OXXO","462112","Comercio al por menor en minisupers","0 a 5 personas","AVENIDA","AVENIDA DE LOS RÍOS","AVENIDA","AVENIDA DE LOS RÍOS","PRIVADA","PASEO DEL MARQUÉS","PROLONGACION","27 DE FEBRERO","304",,,,,,"COLONIA","TABASCO 2000","CENTRO Y PLAZA COMERCIAL","BAMBOO","SN","86035","27","TABASCO","004","Centro","0001","Villahermosa                                                                                                  ","1577","006",,"ATENCIONCLIENTES@OXXO.COM","WWW.OXXO.COM","Fijo","17.99593696","-92.94564848","2011-03"
"9419617","27004462112005672001008202S6","OXXO SUC 50C05 LA MAJAHUA VSA","CADENA COMERCIAL OXXO","462112","Comercio al por menor en minisupers","0 a 5 personas","CALLE","FEDERAL","PRIVADA","GONZÁLEZ","PRIVADA","NINGUNO","OTRO(ESPECIFIQUE)","NINGUNO",,"SN",,,,,"RANCHERIA","PLUTARCO ELIAS CALLES",,,,"86294","27","TABASCO","004","Centro","0001","Villahermosa                                                                                                  ","1505","001",,"ATENCIONCLIENTES@OXXO.COM","WWW.OXXO.COM","Fijo","17.96299317","-92.91551766","2024-05"
"6851640","27004462112004522001008202S4","OXXO SUC 50C4G LUPITA VSA","CADENA COMERCIAL OXXO","462112","Comercio al por menor en minisupers","0 a 5 personas","CALLE","MARIANO ABASOLO","CALLE","NINGUNO","CALLE","BUENA VISTA","CALLE","JOSÉ MARÍA MORELOS Y PAVÓN",,"SN",,,,,"COLONIA","ATASTA",,,,"86100","27","TABASCO","004","Centro","0001","Villahermosa                                                                                                  ","0916","012",,"ATENCIONCLIENTES@OXXO.COM","WWW.OXXO.COM","Fijo","17.98557893","-92.94848463","2018-11"
"6401350","27004462112000581001008202S4","OXXO SUC 50CBC CASA BLANCA VSA","CADENA COMERCIAL OXXO","462112","Comercio al por menor en minisupers","0 a 5 personas","PRIVADA","NINGUNO","PRIVADA","NINGUNO","AVENIDA","UNIVERSIDAD","BOULEVARD","ADOLFO RUÍZ CORTINES","304",,,,,,"COLONIA","CASA BLANCA",,,,"86060","27","TABASCO","004","Centro","0001","Villahermosa                                                                                                  ","1543","035",,"ATENCIONCLIENTES@OXXO.COM","WWW.OXXO.COM","Fijo","18.0016548","-92.9242529","2010-07"
"6854737","27013462112000571001008202S6","OXXO SUC 50CEM VALLE ALEGRE VSA","CADENA COMERCIAL OXXO","462112","Comercio al por menor en minisupers","0 a 5 personas","AVENIDA","VALLE ALEGRE","CALLE","IGNACIO ALLENDE","AVENIDA","INDEPENDENCIA","CALLE","NINGUNO","256",,,,,,"COLONIA","POMOCA VALLE REAL SECTOR 5",,,,"86240","27","TABASCO","013","Nacajuca","0088","Pomoca                                                                                                        ","0402","004",,"ATENCIONCLIENTES@OXXO.COM","WWW.OXXO.COM","Fijo","18.04638407","-92.91847192","2020-04"
"6400769","27004462112001212001008202S5","OXXO SUC 50CGN CARLOS GREEN VSA","CADENA COMERCIAL OXXO","462112","Comercio al por menor en minisupers","0 a 5 personas","CALLE","FRANCISCO I. MADERO","AVENIDA","JUAN GRAHAM MCGREGOR","CALLE","CARLOS GREENE","CALLE","NINGUNO",,"SN",,,,,"COLONIA","ATASTA",,,,"86100","27","TABASCO","004","Centro","0001","Villahermosa                                                                                                  ","0827","041",,"ATENCIONCLIENTES@OXXO.COM","WWW.OXXO.COM","Fijo","17.98110477","-92.95278923","2010-07"
"6401382","27004462112000661001008202S4","OXXO SUC 50CKX CENTRO VSA","CADENA COMERCIAL OXXO","462112","Comercio al por menor en minisupers","0 a 5 personas","CALLE","24","CALLE","PLUTARCO ELÍAS CALLES","CALLE","24","PRIVADA","LOS PINOS","780",,,,,,"COLONIA","FLORIDA",,,,"86000","27","TABASCO","004","Centro","0001","Villahermosa                                                                                                  ","009A","015",,"ATENCIONCLIENTES@OXXO.COM","WWW.OXXO.COM","Fijo","17.99340196","-92.91945539","2010-07"
"6400223","27004462112002382001008202S5","OXXO SUC 50DNH ROSALES VSA","CADENA COMERCIAL OXXO","462112","Comercio al por menor en minisupers","0 a 5 personas","CALLE","EUSEBIO CASTILLO","CALLE","SIMÓN SARLAT","CALLE","ROSALES","OTRO(ESPECIFIQUE)","NINGUNO","611",,,,,,"COLONIA","CENTRO",,,,"86191","27","TABASCO","004","Centro","0001","Villahermosa                                                                                                  ","0761","002",,"ATENCIONCLIENTES@OXXO.COM","WWW.OXXO.COM","Fijo","17.99142061","-92.92056465","2014-12"
"6796830","27004462112004401001008202S1","OXXO SUC 50DNP TABASCO 2000 VSA","CADENA COMERCIAL OXXO","462112","Comercio al por menor en minisupers","0 a 5 personas","CALLE","VÍA 3","CERRADA","VÍA 3","CALLE","VÍA 2","PRIVADA","LA GRAN VILLA",,"SN",,,,,"COLONIA","GALAXIA",,,,"86035","27","TABASCO","004","Centro","0001","Villahermosa                                                                                                  ","1581","001",,"ATENCIONCLIENTES@OXXO.COM","WWW.OXXO.COM","Fijo","18.0028691","-92.94624571","2017-11"
"6401176","27004462112001132001008202S5","OXXO SUC 50DSP 16 DE SEPTIEMBRE VSA","CADENA COMERCIAL OXXO","462112","Comercio al por menor en minisupers","0 a 5 personas","AVENIDA","16 DE SEPTIEMBRE","CALLE","BACHILLERES","CIRCUITO","VELÓDROMO CIUDAD DEPORTIVA","CIRCUITO","CIRCUITO DEPORTIVO",,"SN",,,,,"COLONIA","PRIMERO DE MAYO",,,,"86190","27","TABASCO","004","Centro","0001","Villahermosa                                                                                                  ","2344","016",,"ATENCIONCLIENTES@OXXO.COM","WWW.OXXO.COM","Fijo","17.97475208","-92.93955248","2010-07"
"9450020","27004462112005722001008202S9","OXXO SUC 50DT9 TRUJILLO VSA","CADENA COMERCIAL OXXO","462112","Comercio al por menor en minisupers","0 a 5 personas","AVENIDA","FRANCISCO TRUJILLO GURRÍA","CALLE","ENCARNACIÓN GONZÁLEZ","CALLE","JOSÉ ACOSTA","CALLE","EMILIANO ZAPATA","801",,,,,,"COLONIA","JOSE MARIA PINO SUAREZ",,,,"86029","27","TABASCO","004","Centro","0001","Villahermosa                                                                                                  ","0013","001",,"ATENCIONCLIENTES@OXXO.COM","WWW.OXXO.COM","Fijo","18.02336862","-92.92397595","2024-05"
"6400768","27004462112001602001008202S7","OXXO SUC 50DWR DEPORTIVA VSA","CADENA COMERCIAL OXXO","462112","Comercio al por menor en minisupers","0 a 5 personas","CIRCUITO","VELÓDROMO CIUDAD DEPORTIVA (CARLOS PELLICER CAMARA)","CALLE","MANUEL ANTONIO ROMERO","CALLE","LICENCIADO MARIO BROWN PERALTA","CALLE","DOCTOR RÉGULO TORPEY ANDRADE",,"SN",,,,,"COLONIA","ATASTA DE SERRA",,,,"86169","27","TABASCO","004","Centro","0001","Villahermosa                                                                                                  ","1172","042",,"ATENCIONCLIENTES@OXXO.COM","WWW.OXXO.COM","Fijo","17.97712066","-92.94656161","2010-07"
"6401370","27004462112000651001008202S5","OXXO SUC 50DYY EDUARDO ALDAY VSA","CADENA COMERCIAL OXXO","462112","Comercio al por menor en minisupers","0 a 5 personas","AVENIDA","27 DE FEBRERO","AVENIDA","CORONEL GREGORIO MÉNDEZ MAGAŃA","PRIVADA","LICENCIADO EDUARDO ALDAY HERNÁNDEZ","PRIVADA","NINGUNO","100",,,,,,"COLONIA","ATASTA",,,,"86100","27","TABASCO","004","Centro","0001","Villahermosa                                                                                                  ","0831","016",,"ATENCIONCLIENTES@OXXO.COM","WWW.OXXO.COM","Fijo","17.98400365","-92.94494658","2010-07"
"6399123","27004462112002332001008202S0","OXXO SUC 50EEB LA MANGA VSA","CADENA COMERCIAL OXXO","462112","Comercio al por menor en minisupers","0 a 5 personas","CALLE","EJIDO CHIQUIGUAO","ANDADOR","IXTACOMITÁN","CALLE","CARRIL DE BAJA CIRCULACIÓN","CALLE","MALECÓN INGENIERO LEANDRO ROVIROSA WADE",,"SN",,,,,"COLONIA","LA MANGA II",,,,"86090","27","TABASCO","004","Centro","0001","Villahermosa                                                                                                  ","0719","050",,"ATENCIONCLIENTES@OXXO.COM","WWW.OXXO.COM","Fijo","17.99709592","-92.90920105","2013-07"
"6399129","27004462112002232001008202S2","OXXO SUC 50EEC CESAR SANDINO VSA","CADENA COMERCIAL OXXO","462112","Comercio al por menor en minisupers","0 a 5 personas","CALLE","7","CALLE","ANACLETO CANABAL","AVENIDA","GENERAL AUGUSTO CÉSAR SANDINO","CALLE","JOSÉ MÉNDEZ GARCÍA","208",,,,,,"COLONIA","REFORMA",,,,"86080","27","TABASCO","004","Centro","0001","Villahermosa                                                                                                  ","0812","004",,"ATENCIONCLIENTES@OXXO.COM","WWW.OXXO.COM","Fijo","17.98282308","-92.93259391","2014-12"
"6399150","27004462112002242001008202S1","OXXO SUC 50EEF LAGUNAS VSA","CADENA COMERCIAL OXXO","462112","Comercio al por menor en minisupers","0 a 5 personas","CALLE","FEDERAL","AVENIDA","LAGUNA LA PÓLVORA","AVENIDA","LAGUNA DEL ROSARIO","CALLE","LAGUNA CANTEMOC","0","SN",,,,,"CIUDAD INDUSTRIAL","LAGUNAS II","CIUDAD INDUSTRIAL","PLAZA LAGUNAS","SN","86010","27","TABASCO","004","Centro","0001","Villahermosa                                                                                                  ","2221","016",,"ATENCIONCLIENTES@OXXO.COM","WWW.OXXO.COM","Fijo","18.03885203","-92.90109836","2013-07"
"6847367","27013462112000582001008202S3","OXXO SUC 50ELC POMOCA VSA","CADENA COMERCIAL OXXO","462112","Comercio al por menor en minisupers","0 a 5 personas","AVENIDA","VALLE REAL","AVENIDA","TRES VALLES","AVENIDA","VALLE DE MÉXICO","CERRADA","TRES VALLES A",,"SN",,,,,"COLONIA","POMOCA VALLE REAL SECTOR 4",,,,"86247","27","TABASCO","013","Nacajuca","0088","Pomoca                                                                                                        ","0347","014",,"ATENCIONCLIENTES@OXXO.COM","WWW.OXXO.COM","Fijo","18.05067738","-92.91930159","2018-03"
"9419672","27004462112005762001008202S5","OXXO SUC 50EU0 JOJICHA VSA","CADENA COMERCIAL OXXO","462112","Comercio al por menor en minisupers","0 a 5 personas","PERIFERICO","CARLOS PELLICER CÁMARA","CALLE","AGAPITO DOMÍNGUEZ CANABAL","PRIVADA","ANTONIO SÁNCHEZ MÁRMOL","AVENIDA","PASEO USUMACINTA","606",,,,,,"COLONIA","PRIMERO DE MAYO",,,,"86190","27","TABASCO","004","Centro","0001","Villahermosa                                                                                                  ","0846","015",,"ATENCIONCLIENTES@OXXO.COM","WWW.OXXO.COM","Fijo","17.972355","-92.92402678","2024-05"
"6401174","27004462112001632001008202S4","OXXO SUC 50FFO 27 DE FEBRERO VSA","CADENA COMERCIAL OXXO","462112","Comercio al por menor en minisupers","0 a 5 personas","AVENIDA","27 DE FEBRERO","CALLE","FELIPE CARRILLO PUERTO","BOULEVARD","ADOLFO RUÍZ CORTINES","OTRO(ESPECIFIQUE)","NINGUNO",,"SN",,,,,"COLONIA","ATASTA DE SERRA",,,,"86100","27","TABASCO","004","Centro","0001","Villahermosa                                                                                                  ","1083","035",,"ATENCIONCLIENTES@OXXO.COM","WWW.OXXO.COM","Fijo","17.98643211","-92.95352309","2010-07"
"6726751","27004462112004252001008202S8","OXXO SUC 50FXV BASTAR ZOZAYA VSA","CADENA COMERCIAL OXXO","462112","Comercio al por menor en minisupers","0 a 5 personas","CALLE","HERMANOS BASTAR ZOZAYA","CALLE","EUSEBIO CASTILLO","CALLE","ANDADOR BASTAR ZOZAYA","CALLE","ROSARIO GUTIÉRREZ ESKILDSEN","635",,,,,,"COLONIA","VILLAHERMOSA CENTRO",,,,"86000","27","TABASCO","004","Centro","0001","Villahermosa                                                                                                  ","009A","010",,"ATENCIONCLIENTES@OXXO.COM","WWW.OXXO.COM","Fijo","17.99790827","-92.91929227","2016-01"
"6717878","27004462112001462002008202S6","OXXO SUC 50GGM GREGORIO MENDEZ VSA","CADENA COMERCIAL OXXO","462112","Comercio al por menor en minisupers","0 a 5 personas","AVENIDA","CORONEL GREGORIO MÉNDEZ MAGAŃA","CALLE","NINGUNO","CALLE","ZAPOTAL","CALLE","INGENIERO MÁXIMO CARRERA SOSA","3201",,,,,,"COLONIA","ATASTA",,,,"86100","27","TABASCO","004","Centro","0001","Villahermosa                                                                                                  ","1632","007",,"ATENCIONCLIENTES@OXXO.COM","WWW.OXXO.COM","Fijo","17.97824807","-92.95155772","2016-01"
"6401389","27013462112000131001008202S9","OXXO SUC 50GKJ MANGLARES VSA","CADENA COMERCIAL OXXO","462112","Comercio al por menor en minisupers","0 a 5 personas","AVENIDA","SAMARKANDA","CALLE","MANGLARES","CALLE","PASEO DEL CORRALILLO","CALLE","EL TINTO",,"SN",,,,,"FRACCIONAMIENTO","POMOCA ZONA 2",,,,"86220","27","TABASCO","013","Nacajuca","0088","Pomoca                                                                                                        ","0332","010",,"ATENCIONCLIENTES@OXXO.COM","WWW.OXXO.COM","Fijo","18.04900973","-92.92908376","2012-06"
"6401276","27004462112001242001008202S2","OXXO SUC 50GUY GUAYABAL VSA","CADENA COMERCIAL OXXO","462112","Comercio al por menor en minisupers","0 a 5 personas","AVENIDA","PASEO DE LA SIERRA","AVENIDA","PASEO DE LA SIERRA","AVENIDA","PASEO USUMACINTA","AVENIDA","16 DE SEPTIEMBRE",,"SN",,,,,"COLONIA","GUAYABAL",,,,"86090","27","TABASCO","004","Centro","0001","Villahermosa                                                                                                  ","1492","019",,"ATENCIONCLIENTES@OXXO.COM","WWW.OXXO.COM","Fijo","17.97196897","-92.92448333","2010-07"
"9405406","27004462112005782001008202S3","OXXO SUC 50I3Z LA PERLA VSA","CADENA COMERCIAL OXXO","462112","Comercio al por menor en minisupers","0 a 5 personas","AVENIDA","CORONEL GREGORIO MÉNDEZ MAGAŃA","CALLE","NINGUNO","CALLE","PARQUE","CALLE","JOSÉ MARÍA MORELOS Y PAVÓN",,"SN",,,,,"COLONIA","ATASTA",,,,"86100","27","TABASCO","004","Centro","0001","Villahermosa                                                                                                  ","0827","021",,"ATENCIONCLIENTES@OXXO.COM","WWW.OXXO.COM","Fijo","17.9829441","-92.94753043","2024-05"
"6401266","27004462112001392001008202S5","OXXO SUC 50IIC CD INDUSTRIAL VSA","CADENA COMERCIAL OXXO","462112","Comercio al por menor en minisupers","0 a 5 personas","BOULEVARD","INDUSTRIA NACIONAL MEXICANA","AVENIDA","ALTOS HORNOS","CALLE","CALLE DEL TECNOLÓGICO","CALLE","GARDENIAS","302",,,,,,"COLONIA","CIUDAD INDUSTRIAL",,,,"86010","27","TABASCO","004","Centro","0001","Villahermosa                                                                                                  ","1524","021",,"ATENCIONCLIENTES@OXXO.COM","WWW.OXXO.COM","Fijo","18.02549959","-92.90595376","2010-07"
"6401853","27004462112002062001008202S3","OXXO SUC 50IRA IRABIEN VSA","CADENA COMERCIAL OXXO","462112","Comercio al por menor en minisupers","0 a 5 personas","AVENIDA","16 DE SEPTIEMBRE","CALLE","ANACLETO CANABAL","CALLE","JOSÉ MORENO IRABIÉN","CALLE","EDMUNDO ZETINA","138",,,,,,"COLONIA","PRIMERO DE MAYO",,,,"86190","27","TABASCO","004","Centro","0001","Villahermosa                                                                                                  ","1492","012",,"ATENCIONCLIENTES@OXXO.COM","WWW.OXXO.COM","Fijo","17.97310824","-92.93412764","2014-12"
"6401384","27004462112000961101008202S8","OXXO SUC 50JCX LAS HADAS VSA","CADENA COMERCIAL OXXO","462112","Comercio al por menor en minisupers","0 a 5 personas","AVENIDA","CULTIVO","CALLE","Ninguno","AVENIDA","Ninguno","OTRO(ESPECIFIQUE)","Tamarindo",,"SN",,,,,"FRACCIONAMIENTO","BRISAS DEL CARRIZAL",,,,"86287","27","TABASCO","013","Nacajuca","0080","Brisas del Carrizal                                                                                           ","0436","026",,"ATENCIONCLIENTES@OXXO.COM","WWW.OXXO.COM","Fijo","18.00784485","-92.97089684","2013-07"
"6399133","27004462112002302001008202S3","OXXO SUC 50KAJ ALLENDE VSA","CADENA COMERCIAL OXXO","462112","Comercio al por menor en minisupers","0 a 5 personas","CALLE","IGNACIO ALLENDE","CALLE","MARIANO ARISTA","CALLE","JOSÉ NARCISO ROVIROSA","CALLE","NICOLÁS BRAVO","128",,,,,,"COLONIA","CENTRO",,,,"86000","27","TABASCO","004","Centro","0001","Villahermosa                                                                                                  ","1261","006",,"ATENCIONCLIENTES@OXXO.COM","WWW.OXXO.COM","Fijo","17.98685685","-92.92140528","2010-07"
"6401383","27004462112000121001008202S9","OXXO SUC 50KAX LAS AMERICAS VSA","CADENA COMERCIAL OXXO","462112","Comercio al por menor en minisupers","0 a 5 personas","AVENIDA","PROFESOR RAMÓN MENDOZA HERRERA","CALLE","NINGUNO","CALLE","NINGUNO","CALLE","NAUTILUS",,"SN",,,,,"COLONIA","JOSE MARIA PINO SUAREZ",,,,"86029","27","TABASCO","004","Centro","0001","Villahermosa                                                                                                  ","190A","006",,"ATENCIONCLIENTES@OXXO.COM","WWW.OXXO.COM","Fijo","18.01550717","-92.92055861","2010-07"
"6399126","27004462112002352001008202S8","OXXO SUC 50KBR COBRE VSA","CADENA COMERCIAL OXXO","462112","Comercio al por menor en minisupers","0 a 5 personas","AVENIDA","COBRE","AVENIDA","ACERO","AVENIDA","HIERRO","AVENIDA","ALUMINIO","302",,,,,,"CIUDAD INDUSTRIAL","CIUDAD INDUSTRIAL","CIUDAD INDUSTRIAL","CIUDAD INDUSTRIAL VILLAHERMOSA","SN","86010","27","TABASCO","004","Centro","0001","Villahermosa                                                                                                  ","151A","002",,"ATENCIONCLIENTES@OXXO.COM","WWW.OXXO.COM","Fijo","18.02987612","-92.90691588","2013-07"
"6401381","27004462112000171001008202S4","OXXO SUC 50KED CEDRO VSA","CADENA COMERCIAL OXXO","462112","Comercio al por menor en minisupers","0 a 5 personas","AVENIDA","MÉXICO","PERIFERICO","CARLOS PELLICER CÁMARA","CALLE","QUINTANA ROO","CALLE","PEDRO GIL CADENA","102",,,,,,"COLONIA","DEL BOSQUE",,,,"86160","27","TABASCO","004","Centro","0001","Villahermosa                                                                                                  ","1172","004",,"ATENCIONCLIENTES@OXXO.COM","WWW.OXXO.COM","Fijo","17.96979843","-92.94837586","2010-07"
"6401386","27004462112000731001008202S5","OXXO SUC 50KEI PETROLERA VSA","CADENA COMERCIAL OXXO","462112","Comercio al por menor en minisupers","0 a 5 personas","AVENIDA","AVENIDA DE LAS FLORES","CALLE","DURAZNO","CALLE","SAUCE","CALLE","ROBLE","10",,,,,,"FRACCIONAMIENTO","FRACC HERIBERTO KEHOE",,,,"86030","27","TABASCO","004","Centro","0001","Villahermosa                                                                                                  ","1613","003",,"ATENCIONCLIENTES@OXXO.COM","WWW.OXXO.COM","Fijo","18.00815022","-92.94030949","2013-07"
"6400222","27004462112002252001008202S0","OXXO SUC 50KKS SANTO DOMINGO VSA","CADENA COMERCIAL OXXO","462112","Comercio al por menor en minisupers","0 a 5 personas","AVENIDA","FRANCISCO I MADERO","CALLE","ANDRÉS SÁNCHEZ MAGALLANES","CALLE","LINO MERINO","AVENIDA","JOSÉ MARÍA PINO SUÁREZ","802",,,,,,"COLONIA","CENTRO",,,,"86191","27","TABASCO","004","Centro","0001","Villahermosa                                                                                                  ","0136","022",,"ATENCIONCLIENTES@OXXO.COM","WWW.OXXO.COM","Fijo","17.99369146","-92.91650341","2014-12"
"12321688","27013462112000981000008202S7","OXXO SUC 50KO9 KEDROS VSA","CADENA COMERCIAL OXXO","462112","Comercio al por menor en minisupers","0 a 5 personas","CALLE","CALLE ING HECTOR RENE MERINO R","CALLE","NINGUNO","CALLE","NINGUNO","CALLE","NINGUNO",,"SN",,,,,"COLONIA","BOSQUE DE SALOYA",,,,"86246","27","TABASCO","013","Nacajuca","0006","El Cedro                                                                                                      ","0084","034",,"ATENCIONCLIENTES@OXXO.COM","WWW.OXXO.COM","Fijo","18.0330964","-92.94354708","2026-04"
"9405429","27004462112005892001008202S0","OXXO SUC 50KR1 QUINTA GRIJALVA VSA","CADENA COMERCIAL OXXO","462112","Comercio al por menor en minisupers","0 a 5 personas","AVENIDA","PASEO TABASCO","CALLE","CHAPULTEPEC","CALLE","FERNANDO MAYO SANLÚCAR","CALLE","MARGARITA MAZA DE JUÁREZ","715",,,,,,"COLONIA","JESUS GARCIA",,,,"86040","27","TABASCO","004","Centro","0001","Villahermosa                                                                                                  ","0812","023",,"ATENCIONCLIENTES@OXXO.COM","WWW.OXXO.COM","Fijo","17.99024706","-92.93039044","2024-05"
"6781380","27004462112004292001008202S4","OXXO SUC 50KYJ PRIMAVERA VSA","CADENA COMERCIAL OXXO","462112","Comercio al por menor en minisupers","0 a 5 personas","AVENIDA","CONSTITUCIÓN","CALLE","PEDRO FUENTES","CALLE","HERMANOS BASTAR ZOZAYA","CERRADA","PEDRO FUENTES",,"SN",,,,,"COLONIA","CENTRO",,,,"86191","27","TABASCO","004","Centro","0001","Villahermosa                                                                                                  ","0723","019",,"ATENCIONCLIENTES@OXXO.COM","WWW.OXXO.COM","Fijo","17.99496437","-92.91420271","2017-03"
"6400748","27004462112001092001008202S1","OXXO SUC 50KZZ CARRIZAL VSA","CADENA COMERCIAL OXXO","462112","Comercio al por menor en minisupers","0 a 5 personas","CALLE","CAMPO SITIO GRANDE","CALLE","CAMPO SAMARIA","CALLE","CAMPO GUATACALCA","CALLE","CAMPO CUNDUACÁN","101",,,,,,"COLONIA","CARRIZAL",,,,"86038","27","TABASCO","004","Centro","0001","Villahermosa                                                                                                  ","0687","023",,"ATENCIONCLIENTES@OXXO.COM","WWW.OXXO.COM","Fijo","18.01550037","-92.95343414","2010-07"
"6401373","27004462112000341001008202S3","OXXO SUC 50LVH GAVIOTA VSA","CADENA COMERCIAL OXXO","462112","Comercio al por menor en minisupers","0 a 5 personas","CALLE","MANUEL SANCHEZ MARMOL","CALLE","MANUEL SÁNCHEZ MÁRMOL","CALLE","JUAN JOVITO PÉREZ","CALLE","PEPE DEL RIVERO","0",,,,,,"COLONIA","GAVIOTAS NORTE","CENTRO Y PLAZA COMERCIAL","PLAZA GAVIOTAS","SN","86090","27","TABASCO","004","Centro","0001","Villahermosa                                                                                                  ","1276","016",,"ATENCIONCLIENTES@OXXO.COM","WWW.OXXO.COM","Fijo","17.98573296","-92.91711598","2010-07"
"6401387","27004462112000451001008202S0","OXXO SUC 50LVK V. CARRANZA VSA","CADENA COMERCIAL OXXO","462112","Comercio al por menor en minisupers","0 a 5 personas","BOULEVARD","ADOLFO RUÍZ CORTINES","CALLE","NINGUNO","CALLE","RÍO OXOLOTÁN","CALLE","RÍO LA SIERRA",,"SN",,,,,"COLONIA","VILLAHERMOSA CENTRO",,,,"86000","27","TABASCO","004","Centro","0001","Villahermosa                                                                                                  ","1543","014",,"ATENCIONCLIENTES@OXXO.COM","WWW.OXXO.COM","Fijo","17.99866348","-92.91585378","2010-07"
"6401392","27004462112000671001008202S3","OXXO SUC 50LVX AGUILA VSA","CADENA COMERCIAL OXXO","462112","Comercio al por menor en minisupers","0 a 5 personas","CALLE","EL ÁGUILA","AVENIDA","CORONEL GREGORIO MÉNDEZ MAGAŃA","CALLE","TALISMÁN","CALLE","ALTAMIRA",,"SN",,,,,"COLONIA","ATASTA",,,,"86100","27","TABASCO","004","Centro","0001","Villahermosa                                                                                                  ","0831","021",,"ATENCIONCLIENTES@OXXO.COM","WWW.OXXO.COM","Fijo","17.98048134","-92.94982087","2010-07"
"6401380","27004462112000721001008202S6","OXXO SUC 50LYH BOSQUES DE SALOYA VSA","CADENA COMERCIAL OXXO","462112","Comercio al por menor en minisupers","0 a 5 personas","AVENIDA","AVENIDA DEL PARQUE","ANDADOR","ANDADOR DE LA SELVA","AVENIDA","AVENIDA DEL BOSQUE","CALLE","BLANCA E. VÁZQUEZ VÁZQUEZ",,"SN",,,,,"COLONIA","BOSQUES DE SALOYA",,,,"86039","27","TABASCO","013","Nacajuca","0062","Bosque de Saloya                                                                                              ","0099","009",,"ATENCIONCLIENTES@OXXO.COM","WWW.OXXO.COM","Fijo","18.01674741","-92.95768996","2010-07"
"6854832","27004462112004431001008202S8","OXXO SUC 50MEI VELODROMO VSA","CADENA COMERCIAL OXXO","462112","Comercio al por menor en minisupers","0 a 5 personas","CIRCUITO","VELÓDROMO CIUDAD DEPORTIVA","CALLE","JUAN ESTRADA TORRE","CALLE","RITA ESTRADA","PROLONGACION","QUINTÍN ARAUZ CARRILLO","102",,,,,,"COLONIA","PRIMERO DE MAYO",,,,"86190","27","TABASCO","004","Centro","0001","Villahermosa                                                                                                  ","0831","043",,"ATENCIONCLIENTES@OXXO.COM","WWW.OXXO.COM","Fijo","17.97718293","-92.94163567","2020-04"
"6401371","27004462112000521001008202S0","OXXO SUC 50MJH MADERO VSA","CADENA COMERCIAL OXXO","462112","Comercio al por menor en minisupers","0 a 5 personas","AVENIDA","FRANCISCO I. MADERO","CALLE","MANUEL SÁNCHEZ MÁRMOL","CALLE","CARMEN SÁNCHEZ","AVENIDA","JOSÉ MARÍA PINO SUÁREZ","610",,,,,,"COLONIA","CENTRO",,,,"86000","27","TABASCO","004","Centro","0001","Villahermosa                                                                                                  ","0136","004",,"ATENCIONCLIENTES@OXXO.COM","WWW.OXXO.COM","Fijo","17.99150853","-92.91693531","2010-07"
"6401375","27004462112000441001008202S1","OXXO SUC 50MKX MARACANA VSA","CADENA COMERCIAL OXXO","462112","Comercio al por menor en minisupers","0 a 5 personas","PROLONGACION","AVENIDA MÉXICO","PERIFERICO","CARLOS PELLICER CÁMARA","PRIVADA","BALANCÁN","CALLE","PASEO VILLAHERMOSA",,"SN",,,,,"COLONIA","TAMULTE DE LAS BARRANCAS",,,,"86150","27","TABASCO","004","Centro","0001","Villahermosa                                                                                                  ","1149","015",,"ATENCIONCLIENTES@OXXO.COM","WWW.OXXO.COM","Fijo","17.96675443","-92.94890533","2010-07"
"9419747","27004462112005832001008202S6","OXXO SUC 50MS0 MERCADO VSA","CADENA COMERCIAL OXXO","462112","Comercio al por menor en minisupers","0 a 5 personas","CALLE","MIGUEL HIDALGO","AVENIDA","CORONEL GREGORIO MÉNDEZ MAGAŃA","CALLE","AGUSTÍN DE ITURBIDE","CALLE","VICENTE GUERRERO",,"SN",,,,,"COLONIA","TAMULTE DE LAS BARRANCAS",,,,"86150","27","TABASCO","004","Centro","0001","Villahermosa                                                                                                  ","0244","018",,"ATENCIONCLIENTES@OXXO.COM","WWW.OXXO.COM","Fijo","17.97102818","-92.95753937","2024-05"
"6401178","27004462112001002001008202S0","OXXO SUC 50MXF MEXICO II VSA","CADENA COMERCIAL OXXO","462112","Comercio al por menor en minisupers","0 a 5 personas","CALLE","CEDRO","AVENIDA","MÉXICO","CALLE","TATUAN","CALLE","ROBLE","707",,,,,,"COLONIA","DEL BOSQUE",,,,"86160","27","TABASCO","004","Centro","0001","Villahermosa                                                                                                  ","1647","025",,"ATENCIONCLIENTES@OXXO.COM","WWW.OXXO.COM","Fijo","17.97142563","-92.94832541","2010-07"
"6399148","27004462112001142001008202S4","OXXO SUC 50NAY AYUNTAMIENTO VSA","CADENA COMERCIAL OXXO","462112","Comercio al por menor en minisupers","0 a 5 personas","AVENIDA","PLANETARIO","OTRO(ESPECIFIQUE)","NINGUNO","OTRO(ESPECIFIQUE)","NINGUNO","CALLE","RETORNO VÍA 5",,"SN",,,,,"COLONIA","LOS RIOS",,,,"86035","27","TABASCO","004","Centro","0001","Villahermosa                                                                                                  ","1577","012",,"ATENCIONCLIENTES@OXXO.COM","WWW.OXXO.COM","Fijo","17.99816259","-92.94560949","2011-03"
"9395881","27004462112005852001008202S4","OXXO SUC 50NC1 CHILPANCINGO VSA","CADENA COMERCIAL OXXO","462112","Comercio al por menor en minisupers","0 a 5 personas","CALLE","CONGRESO DE CHILPANCINGO","CALLE","RETORNO 2","AVENIDA","OLMECA","CALLE","LA VENTA SUR",,"LT 5",,,,,"COLONIA","INSURGENTES",,,,"86019","27","TABASCO","004","Centro","0001","Villahermosa                                                                                                  ","1666","009",,"ATENCIONCLIENTES@OXXO.COM","WWW.OXXO.COM","Fijo","18.03236944","-92.89729234","2024-05"
"6399136","27004462112001793001008202S4","OXXO SUC 50NEE CALDERON MARCHENA VSA","CADENA COMERCIAL OXXO","462112","Comercio al por menor en minisupers","0 a 5 personas","CALLE","NARANJO","CALLE","EL MONAL","CALLE","AQUILES CALDERÓN MARCHENA","CALLE","LIMÓN","1101",,,,,,"COLONIA","LAS GAVIOTAS SUR",,,,"86090","27","TABASCO","004","Centro","0001","Villahermosa                                                                                                  ","1929","041",,"ATENCIONCLIENTES@OXXO.COM","WWW.OXXO.COM","Fijo","17.97193877","-92.90885797","2013-07"
"6399984","27004462112001472001008202S5","OXXO SUC 50NHV FLORIDA VSA","CADENA COMERCIAL OXXO","462112","Comercio al por menor en minisupers","0 a 5 personas","CALLE","24","CALLE","NINGUNO","CALLE","PLUTARCO ELÍAS CALLES","PRIVADA","LOS PINOS",,"SN",,,,,"COLONIA","FLORIDA",,,,"86040","27","TABASCO","004","Centro","0001","Villahermosa                                                                                                  ","1488","006",,"ATENCIONCLIENTES@OXXO.COM","WWW.OXXO.COM","Fijo","17.99427362","-92.93102048","2010-07"
"6400753","27004462112001522001008202S7","OXXO SUC 50NVV VENDOME VSA","CADENA COMERCIAL OXXO","462112","Comercio al por menor en minisupers","0 a 5 personas","CALLE","LICENCIADO MARIO BROWN PERALTA","CALLE","FRANCIA","CALLE","INGENIERO MÁXIMO CARRERA SOSA","CALLE","CERRADA ZAPOTAL","220","SN",,,,,"COLONIA","ATASTA DE SERRA","CENTRO Y PLAZA COMERCIAL","PLAZA VENDOME","SN","86100","27","TABASCO","004","Centro","0001","Villahermosa                                                                                                  ","1632","001",,"ATENCIONCLIENTES@OXXO.COM","WWW.OXXO.COM","Fijo","17.97576939","-92.9495743","2010-07"
"9409230","27004462112005872001008202S2","OXXO SUC 50O1H RIO CARRIZAL VSA","CADENA COMERCIAL OXXO","462112","Comercio al por menor en minisupers","0 a 5 personas","CALLE","ANTONIO REYES ZURITA","CALLE","NINGUNO","PERIFERICO","CARLOS PELLICER CÁMARA","CALLE","ANTONIO REYES ZURITA",,"SN",,,,,"COLONIA","CARRIZAL",,,,"86108","27","TABASCO","004","Centro","0001","Villahermosa                                                                                                  ","1562","007",,"ATENCIONCLIENTES@OXXO.COM","WWW.OXXO.COM","Fijo","17.99236691","-92.96155602","2024-05"
"11803192","27004462112006691000008202S5","OXXO SUC 50O3C KB PLAZA VSA","CADENA COMERCIAL OXXO","462112","Comercio al por menor en minisupers","0 a 5 personas","AVENIDA","PASEO USUMACINTA","AVENIDA","Avenida de los Ríos","CARRETERA","Felipe Carrillo Puerto (Prolongación 27 de Febrero)","CALLE","Avenida de los Ríos","1301",,,,,,"COLONIA","ATASTA",,,,"86100","27","TABASCO","004","Centro","0001","Villahermosa                                                                                                  ","0916","008",,,,"Fijo","17.99379741","-92.94714889","2025-04"
"6401175","27004462112001292001008202S7","OXXO SUC 50ODN 20 DE NOVIEMBRE VSA","CADENA COMERCIAL OXXO","462112","Comercio al por menor en minisupers","0 a 5 personas","CALLE","20 DE NOVIEMBRE","CALLE","NINGUNO","CALLE","REVOLUCIÓN","CALLE","CAMPESINO",,"SN",,,,,"COLONIA","ATASTA DE SIERRA",,,,"86100","27","TABASCO","004","Centro","0001","Villahermosa                                                                                                  ","1083","014",,"ATENCIONCLIENTES@OXXO.COM","WWW.OXXO.COM","Fijo","17.98315112","-92.95642495","2010-07"
"9409247","27004462112005732001008202S8","OXXO SUC 50OG5 CENTRO III VSA","CADENA COMERCIAL OXXO","462112","Comercio al por menor en minisupers","0 a 5 personas","AVENIDA","FRANCISCO I. MADERO","CALLE","LINO MERINO","CALLE","ANDRÉS SÁNCHEZ MAGALLANES","AVENIDA","JOSÉ MARÍA PINO SUÁREZ","700",,,,,,"COLONIA","CENTRO",,,,"86000","27","TABASCO","004","Centro","0001","Villahermosa                                                                                                  ","0136","007",,"ATENCIONCLIENTES@OXXO.COM","WWW.OXXO.COM","Fijo","17.99246453","-92.91670982","2024-05"
"6399153","27004462112001152001008202S3","OXXO SUC 50OKX OXOTLAN VSA","CADENA COMERCIAL OXXO","462112","Comercio al por menor en minisupers","0 a 5 personas","BOULEVARD","ADOLFO RUÍZ CORTINES","CALLE","RÍO OXOLOTÁN","PRIVADA","NINGUNO","CERRADA","NINGUNO","304",,,,,,"COLONIA","CASA BLANCA",,,,"86060","27","TABASCO","004","Centro","0001","Villahermosa                                                                                                  ","1543","001",,"ATENCIONCLIENTES@OXXO.COM","WWW.OXXO.COM","Fijo","17.99918375","-92.91804604","2011-03"
"6401173","27004462112001122001008202S6","OXXO SUC 50OLV OLMECA VSA","CADENA COMERCIAL OXXO","462112","Comercio al por menor en minisupers","0 a 5 personas","BOULEVARD","ADOLFO RUÍZ CORTINES","CALLE","ARIES","CALLE","FERNANDO MONTES DE OCA","CALLE","LIBRA",,"SN",,,,,"COLONIA","ATASTA DE SERRA",,,,"86100","27","TABASCO","004","Centro","0001","Villahermosa                                                                                                  ","1098","016",,"ATENCIONCLIENTES@OXXO.COM","WWW.OXXO.COM","Fijo","17.986983","-92.9675653","2010-07"
"6401177","27004462112001512001008202S8","OXXO SUC 50PFR PERIFERICO VSA","CADENA COMERCIAL OXXO","462112","Comercio al por menor en minisupers","0 a 5 personas","CIRCUITO","VELÓDROMO CIUDAD DEPORTIVA","AVENIDA","16 DE SEPTIEMBRE","CIRCUITO","VELÓDROMO CIUDAD DEPORTIVA","CALLE","BACHILLERES",,"SN",,,,,"COLONIA","PRIMERO DE MAYO",,,,"86190","27","TABASCO","004","Centro","0001","Villahermosa                                                                                                  ","1172","002",,"ATENCIONCLIENTES@OXXO.COM","WWW.OXXO.COM","Fijo","17.96834865","-92.94271246","2010-07"
"6401852","27004462112002122001008202S5","OXXO SUC 50PJJ OXIGENO VSA","CADENA COMERCIAL OXXO","462112","Comercio al por menor en minisupers","0 a 5 personas","CALLE","OXÍGENO","CALLE","NINGUNO","CALLE","CAMELLÓN DE DEFENSA","CERRADA","NINGUNO",,"SN",,,,,"CIUDAD INDUSTRIAL","CIUDAD INDUSTRIAL","CIUDAD INDUSTRIAL","CIUDAD INDUSTRIAL VILLAHERMOSA","SN","86010","27","TABASCO","004","Centro","0001","Villahermosa                                                                                                  ","2240","006",,"ATENCIONCLIENTES@OXXO.COM","WWW.OXXO.COM","Fijo","18.04011691","-92.90574031","2014-12"
"6399121","27004462112001412001008202S1","OXXO SUC 50PKW PASEO DE LA SIERRA VSA","CADENA COMERCIAL OXXO","462112","Comercio al por menor en minisupers","0 a 5 personas","AVENIDA","PASEO DE LA SIERRA","AVENIDA","16 DE SEPTIEMBRE","AVENIDA","PASEO USUMACINTA","PRIVADA","MOISÉS SOSA",,"SN",,,,,"COLONIA","PRIMERO DE MAYO",,,,"86190","27","TABASCO","004","Centro","0001","Villahermosa                                                                                                  ","1492","019",,"ATENCIONCLIENTES@OXXO.COM","WWW.OXXO.COM","Fijo","17.97614723","-92.92994346","2011-03"
"6854860","27004462112004421001008202S9","OXXO SUC 50PNZ KRONOS VSA","CADENA COMERCIAL OXXO","462112","Comercio al por menor en minisupers","0 a 5 personas","BOULEVARD","ADOLFO RUÍZ CORTINES","CALLE","EMILIO CARRANZA","CALLE","MARIANO ABASOLO","OTRO(ESPECIFIQUE)","NINGUNO","2107",,,,,,"COLONIA","ATASTA",,,,"86100","27","TABASCO","004","Centro","0001","Villahermosa                                                                                                  ","0916","002",,"ATENCIONCLIENTES@OXXO.COM","WWW.OXXO.COM","Fijo","17.98926604","-92.94854782","2020-04"
"6401267","27004462112001402001008202S2","OXXO SUC 50PPF LAS FLORES VSA","CADENA COMERCIAL OXXO","462112","Comercio al por menor en minisupers","0 a 5 personas","AVENIDA","PROFESOR RAMÓN MENDOZA HERRERA","CALLE","PRIMER CALLEJÓN DE PROFESOR RAMÓN MENDOZA HERRERA","CERRADA","NINGUNO","CALLE","NAUTILUS","201",,,,,,"COLONIA","JOSE MARIA PINO SUAREZ",,,,"86029","27","TABASCO","004","Centro","0001","Villahermosa                                                                                                  ","0013","024",,"ATENCIONCLIENTES@OXXO.COM","WWW.OXXO.COM","Fijo","18.01586571","-92.92089598","2010-07"
"6401162","27004462112001232001008202S3","OXXO SUC 50PPT PASEO TABASCO VSA","CADENA COMERCIAL OXXO","462112","Comercio al por menor en minisupers","0 a 5 personas","CALLE","23 DE AGOSTO","AVENIDA","CORONEL GREGORIO MÉNDEZ MAGAŃA","CALLE","OCHO HORAS","CALLE","PRIMERO DE MAYO","900",,,,,,"COLONIA","NUEVA VILLA HERMOSA","CENTRO Y PLAZA COMERCIAL","PASEO TABASCO","SN","86040","27","TABASCO","004","Centro","0001","Villahermosa                                                                                                  ","1488","008",,"ATENCIONCLIENTES@OXXO.COM","WWW.OXXO.COM","Fijo","17.99198928","-92.93238199","2010-07"
"6848645","27004462112004361001008202S7","OXXO SUC 50PYU OBRERO MUNDIAL VSA","CADENA COMERCIAL OXXO","462112","Comercio al por menor en minisupers","0 a 5 personas","AVENIDA","PASEO TABASCO (CARLOS PELLICER CAMARA)","CALLE","OBRERO MUNDIAL","CALLE","PEDRO C. COLORADO","CALLE","MANUEL DOBLADO","48",,,,,,"COLONIA","CENTRO DELEGACIÓN UNO",,,,"86000","27","TABASCO","004","Centro","0001","Villahermosa                                                                                                  ","0776","025",,"ATENCIONCLIENTES@OXXO.COM","WWW.OXXO.COM","Fijo","17.98552286","-92.92310913","2018-03"
"6852013","27004462112004492001008202S0","OXXO SUC 50QB3 JUCHIMAN VSA","CADENA COMERCIAL OXXO","462112","Comercio al por menor en minisupers","0 a 5 personas","AVENIDA","UNIVERSIDAD","AVENIDA","AVENIDA DEL MAR","CALLEJON","NINGUNO","CALLE","NINGUNO",,"SN",,,,,"COLONIA","EL RECREO",,,,"86020","27","TABASCO","004","Centro","0001","Villahermosa                                                                                                  ","190A","006",,"ATENCIONCLIENTES@OXXO.COM","WWW.OXXO.COM","Fijo","18.01578566","-92.91407428","2018-11"
"6399135","27004462112002312001008202S2","OXXO SUC 50QBJ ARCO Y RIO VSA","CADENA COMERCIAL OXXO","462112","Comercio al por menor en minisupers","0 a 5 personas","PERIFERICO","CARLOS PELLICER CÁMARA","BOULEVARD","ADOLFO RUÍZ CORTINES","PRIVADA","NINGUNO","PRIVADA","RÍO CARRIZAL","114",,,,,,"COLONIA","CARRIZAL",,,,"86038","27","TABASCO","004","Centro","0001","Villahermosa                                                                                                  ","1098","016",,"ATENCIONCLIENTES@OXXO.COM","WWW.OXXO.COM","Fijo","17.98689011","-92.96763519","2010-07"
"6399131","27004462112002292001008202S6","OXXO SUC 50QLH SANCHEZ MARMOL VSA","CADENA COMERCIAL OXXO","462112","Comercio al por menor en minisupers","0 a 5 personas","AVENIDA","JOSÉ MARÍA PINO SUÁREZ","CALLE","CARMEN SÁNCHEZ","CALLE","MANUEL SÁNCHEZ MÁRMOL","AVENIDA","CONSTITUCIÓN","302",,,,,,"COLONIA","CENTRO",,,,"86000","27","TABASCO","004","Centro","0001","Villahermosa                                                                                                  ","0136","003",,"ATENCIONCLIENTES@OXXO.COM","WWW.OXXO.COM","Fijo","17.99110372","-92.91642671","2013-07"
"6399132","27004462112002372001008202S6","OXXO SUC 50QLW PLAZA DE ARMAS VSA","CADENA COMERCIAL OXXO","462112","Comercio al por menor en minisupers","0 a 5 personas","CALLE","VÁZQUEZ NORTE","PEATONAL","VICENTE GUERRERO","PEATONAL","BENITO JUÁREZ","PEATONAL","RAFAEL MARTÍNEZ DE ESCOBAR","202",,,,,,"COLONIA","CENTRO",,,,"86000","27","TABASCO","004","Centro","0001","Villahermosa                                                                                                  ","1261","010",,"ATENCIONCLIENTES@OXXO.COM","WWW.OXXO.COM","Fijo","17.98754634","-92.91925423","2010-07"
"6399128","27004462112001582001008202S1","OXXO SUC 50QQR LAGUNAS MONTERO VSA","CADENA COMERCIAL OXXO","462112","Comercio al por menor en minisupers","0 a 5 personas","CALLE","FEDERAL","AVENIDA","LAGUNA DE LAS ILUSIONES","CALLE","CONGRESO DE CHILPANCINGO","CIRCUITO","LAGUNA EL CORCHO",,"KM 4+800",,,,,"FRACCIONAMIENTO","LAGUNAS",,,,"86019","27","TABASCO","004","Centro","0001","Villahermosa                                                                                                  ","2236","008",,"ATENCIONCLIENTES@OXXO.COM","WWW.OXXO.COM","Fijo","18.03664878","-92.90155205","2013-07"
"6399988","27004462112001422001008202S0","OXXO SUC 50QTN QUINTIN ARAUZ VSA","CADENA COMERCIAL OXXO","462112","Comercio al por menor en minisupers","0 a 5 personas","PROLONGACION","QUINTÍN ARAUZ CARRILLO","CALLE","PLAZUELA DE FRAMBOYÁN","CIRCUITO","LOS TUCANES","AVENIDA","27 DE FEBRERO","101",,,,,,"COLONIA","PRIMERO DE MAYO",,,,"86190","27","TABASCO","004","Centro","0001","Villahermosa                                                                                                  ","0831","017",,"ATENCIONCLIENTES@OXXO.COM","WWW.OXXO.COM","Fijo","17.97933264","-92.9373697","2011-03"
"6401372","27004462112000591001008202S3","OXXO SUC 50QWH SANTA MARTHA VSA","CADENA COMERCIAL OXXO","462112","Comercio al por menor en minisupers","0 a 5 personas","CALLE","LINO MERINO","CALLE","MANUEL GIL Y SÁENZ","AVENIDA","FRANCISCO JAVIER MINA","CALLE","ANDRÉS SÁNCHEZ MAGALLANES","901",,,,,,"COLONIA","CENTRO",,,,"86000","27","TABASCO","004","Centro","0001","Villahermosa                                                                                                  ","009A","006",,"ATENCIONCLIENTES@OXXO.COM","WWW.OXXO.COM","Fijo","17.99656774","-92.92257802","2010-07"
"6850479","27004462112004542001008202S2","OXXO SUC 50RHL FRANCISCO JAVIER VSA","CADENA COMERCIAL OXXO","462112","Comercio al por menor en minisupers","0 a 5 personas","CALLE","LINO MERINO","AVENIDA","NINGUNO","CALLE","MANUEL GIL Y SÁENZ","CALLE","ANDRÉS SÁNCHEZ MAGALLANES",,"SN",,,,,"COLONIA","VILLAHERMOSA CENTRO",,,,"86000","27","TABASCO","004","Centro","0001","Villahermosa                                                                                                  ","009A","002",,"ATENCIONCLIENTES@OXXO.COM","WWW.OXXO.COM","Fijo","17.997892","-92.92083142","2018-11"
"6399233","27013462112000101001008202S2","OXXO SUC 50RKW TULA VSA","CADENA COMERCIAL OXXO","462112","Comercio al por menor en minisupers","0 a 5 personas","AVENIDA","SAMARKANDA","CALLE","NINGUNO","CALLE","TULA","CALLE","NINGUNO",,"SN",,,,,"COLONIA","POMOCA ZONA 8",,,,"86240","27","TABASCO","013","Nacajuca","0088","Pomoca                                                                                                        ","0328","037",,"ATENCIONCLIENTES@OXXO.COM","WWW.OXXO.COM","Fijo","18.05277443","-92.93386648","2012-06"
"6401163","27004462112001562001008202S3","OXXO SUC 50ROV ROVIROSA VSA","CADENA COMERCIAL OXXO","462112","Comercio al por menor en minisupers","0 a 5 personas","CALLE","ERNESTO MALDA","CALLE","3","AVENIDA","PASEO TABASCO","CALLE","CALLE DEL ABOGADO","2004",,,,,,"COLONIA","JOSE N ROVIROSA",,,,"86050","27","TABASCO","004","Centro","0001","Villahermosa                                                                                                  ","0140","036",,"ATENCIONCLIENTES@OXXO.COM","WWW.OXXO.COM","Fijo","17.99174838","-92.93353913","2010-07"
"12321703","27004462112007161000008202S8","OXXO SUC 50RT8 PARQUEZOTE I VSA","CADENA COMERCIAL OXXO","462112","Comercio al por menor en minisupers","0 a 5 personas","CIRCUITO","INTERIOR CARLOS PELLICER CAMARA","CALLE","NINGUNO","CALLE","NINGUNO","CALLE","NINGUNO","2203",,,,,,"COLONIA","CASA BLANCA",,,,"86060","27","TABASCO","004","Centro","0001","Villahermosa                                                                                                  ","105A","031",,"ATENCIONCLIENTES@OXXO.COM","WWW.OXXO.COM","Fijo","18.01346007","-92.90345094","2026-04"
"6851615","27004462112004512001008202S5","OXXO SUC 50S67 DOMINGUEZ VSA","CADENA COMERCIAL OXXO","462112","Comercio al por menor en minisupers","0 a 5 personas","CALLE","BELISARIO DOMÍNGUEZ","CALLE","AYUNTAMIENTO","AVENIDA","27 DE FEBRERO","AVENIDA","TABASCO",,"SN",,,,,"COLONIA","GIL Y SAENZ",,,,"86036","27","TABASCO","004","Centro","0001","Villahermosa                                                                                                  ","0812","011",,"ATENCIONCLIENTES@OXXO.COM","WWW.OXXO.COM","Fijo","17.986734","-92.93312175","2018-11"
"6400770","27004462112001612001008202S6","OXXO SUC 50SKD SAMARKANDA VSA","CADENA COMERCIAL OXXO","462112","Comercio al por menor en minisupers","0 a 5 personas","AVENIDA","AVENIDA DE LAS FLORES","CIRCUITO","YUCA","CALLE","SAMARKANDA","PRIVADA","LOS ÁNGELES","53",,,,,,"COLONIA","HERIBERTO KEHOE VICENT",,,,"86030","27","TABASCO","004","Centro","0001","Villahermosa                                                                                                  ","1613","027",,"ATENCIONCLIENTES@OXXO.COM","WWW.OXXO.COM","Fijo","18.00594423","-92.94363887","2010-07"
"6845457","27004462112004381001008202S5","OXXO SUC 50SMY MEZCALAPA VSA","CADENA COMERCIAL OXXO","462112","Comercio al por menor en minisupers","0 a 5 personas","CALLE","RÍO MEZCALAPA","CALLE","RÍO USUMACINTA","PRIVADA","NINGUNO","PROLONGACION","FRANCISCO JAVIER MINA",,"SN",,,,,"COLONIA","CASA BLANCA",,,,"86060","27","TABASCO","004","Centro","0001","Villahermosa                                                                                                  ","1543","001",,"ATENCIONCLIENTES@OXXO.COM","WWW.OXXO.COM","Fijo","17.99990685","-92.91398313","2018-03"
"6400225","27004462112002112001008202S6","OXXO SUC 50TJC ARBOLEDAS VSA","CADENA COMERCIAL OXXO","462112","Comercio al por menor en minisupers","0 a 5 personas","BOULEVARD","ADOLFO RUÍZ CORTINES","AVENIDA","JOSÉ PAGES LLERGO","CALLE","MANUEL GIL Y SÁENZ","CALLE","ABELARDO REYES",,"SN",,,,,"COLONIA","ARBOLEDAS",,,,"86079","27","TABASCO","004","Centro","0001","Villahermosa                                                                                                  ","009A","041",,"ATENCIONCLIENTES@OXXO.COM","WWW.OXXO.COM","Fijo","17.9999432","-92.92308491","2013-07"
"6400226","27004462112002282001008202S7","OXXO SUC 50TJD UNIVERSIDAD VSA","CADENA COMERCIAL OXXO","462112","Comercio al por menor en minisupers","0 a 5 personas","AVENIDA","PROFESOR RAMÓN MENDOZA HERRERA","CERRADA","NINGUNO","CERRADA","NINGUNO","CALLE","NAUTILUS","496",,,,,,"COLONIA","CASABLANCA",,,,"86168","27","TABASCO","004","Centro","0001","Villahermosa                                                                                                  ","190A","006",,"ATENCIONCLIENTES@OXXO.COM","WWW.OXXO.COM","Fijo","18.01549141","-92.92055554","2013-07"
"6400224","27004462112002072001008202S2","OXXO SUC 50TJG FAJA DE ORO VSA","CADENA COMERCIAL OXXO","462112","Comercio al por menor en minisupers","0 a 5 personas","AVENIDA","PASEO USUMACINTA","PROLONGACION","AVENIDA DE LOS RÍOS","CALLE","CÁRDENAS","OTRO(ESPECIFIQUE)","NINGUNO","1418",,,,,,"COLONIA","ATASTA",,,,"86100","27","TABASCO","004","Centro","0001","Villahermosa                                                                                                  ","0916","046",,"ATENCIONCLIENTES@OXXO.COM","WWW.OXXO.COM","Fijo","17.99339294","-92.94678512","2013-07"
"9456849","27004462112006002001008202S5","OXXO SUC 50TM3 PRIEGO VSA","CADENA COMERCIAL OXXO","462112","Comercio al por menor en minisupers","0 a 5 personas","BOULEVARD","ADOLFO RUÍZ CORTINES","CALLE","AQUILES SERDÁN","CALLE","ARGENTINA","PROLONGACION","AVENIDA DE LOS RÍOS",,"SN",,,,,"COLONIA","ATASTA",,,,"86100","27","TABASCO","004","Centro","0001","Villahermosa                                                                                                  ","1562","030",,"ATENCIONCLIENTES@OXXO.COM","WWW.OXXO.COM","Fijo","17.987364","-92.959555","2024-05"
"6400766","27004462112001272001008202S9","OXXO SUC 50TOY NINOS TRAVIESOS VSA","CADENA COMERCIAL OXXO","462112","Comercio al por menor en minisupers","0 a 5 personas","AVENIDA","PASEO USUMACINTA (CARLOS PELLICER CAMARA)","AVENIDA","27 DE FEBRERO","CALLE","REVOLUCIÓN","CALLE","VENUSTIANO CARRANZA","502",,,,,,"COLONIA","GIL Y SAENZ",,,,"86080","27","TABASCO","004","Centro","0001","Villahermosa                                                                                                  ","0812","021",,"ATENCIONCLIENTES@OXXO.COM","WWW.OXXO.COM","Fijo","17.98252862","-92.9353234","2010-07"
"6399145","27004462112001863001008202S5","OXXO SUC 50UCN TOREO VSA","CADENA COMERCIAL OXXO","462112","Comercio al por menor en minisupers","0 a 5 personas","CALLE","FELIPE CARRILLO PUERTO (PROLONGACIÓN 27 DE FEBRERO)","AVENIDA","PASEO USUMACINTA","CALLE","ICACO","OTRO(ESPECIFIQUE)","ARROYO","2801",,,,,,"COLONIA","ATASTA",,,,"86100","27","TABASCO","004","Centro","0001","Villahermosa                                                                                                  ","0916","032",,"ATENCIONCLIENTES@OXXO.COM","WWW.OXXO.COM","Fijo","17.99426562","-92.95372481","2013-07"
"6401222","27004462112001172001008202S1","OXXO SUC 50USU USUMACINTA VSA","CADENA COMERCIAL OXXO","462112","Comercio al por menor en minisupers","0 a 5 personas","AVENIDA","PASEO USUMACINTA","CALLE","ANACLETO CANABAL","PRIVADA","NINGUNO","CALLE","QUINTÍN ARAUZ CARRILLO",,"SN",,,,,"COLONIA","PRIMERO DE MAYO",,,,"86190","27","TABASCO","004","Centro","0001","Villahermosa                                                                                                  ","1492","018",,"ATENCIONCLIENTES@OXXO.COM","WWW.OXXO.COM","Fijo","17.97912984","-92.93218012","2010-07"
"6399236","27013462112000163001008202S2","OXXO SUC 50UTG TAMBORILEROS VSA","CADENA COMERCIAL OXXO","462112","Comercio al por menor en minisupers","0 a 5 personas","CALLE","EL JOBO","CALLE","COCOHITE","CALLE","LA HUERTA","OTRO(ESPECIFIQUE)","NINGUNO",,"SN",,,,,"FRACCIONAMIENTO","POMOCA",,,,"86240","27","TABASCO","013","Nacajuca","0088","Pomoca                                                                                                        ","0332","001",,"ATENCIONCLIENTES@OXXO.COM","WWW.OXXO.COM","Fijo","18.0481994","-92.92600711","2013-07"
"6400198","27013462112000262001008202S2","OXXO SUC 50VMT VALLE DE MEXICO VSA","CADENA COMERCIAL OXXO","462112","Comercio al por menor en minisupers","0 a 5 personas","AVENIDA","VALLE DE MÉXICO","AVENIDA","TRES VALLES","CERRADA","VALLE MÉXICO A","CERRADA","TRES VALLES A",,"SN",,,,,"FRACCIONAMIENTO","POMOCA VALLE REAL SECTOR 4",,,,"86220","27","TABASCO","013","Nacajuca","0088","Pomoca                                                                                                        ","0347","014",,"ATENCIONCLIENTES@OXXO.COM","WWW.OXXO.COM","Fijo","18.05076215","-92.91932773","2010-07"
"6399134","27004462112002152001008202S2","OXXO SUC 50VVJ PEDRO FUENTES VSA","CADENA COMERCIAL OXXO","462112","Comercio al por menor en minisupers","0 a 5 personas","AVENIDA","JOSÉ MARÍA PINO SUÁREZ","CALLE","PEDRO FUENTES","CALLE","LINO MERINO","AVENIDA","CONSTITUCIÓN","241",,,,,,"COLONIA","CENTRO","MERCADO PUBLICO","MERCADO","SN","86000","27","TABASCO","004","Centro","0001","Villahermosa                                                                                                  ","0723","020",,"ATENCIONCLIENTES@OXXO.COM","WWW.OXXO.COM","Fijo","17.99468409","-92.91567477","2014-12"
"6399149","27004462112001502001008202S9","OXXO SUC 50WEG EUROPLAZA VSA","CADENA COMERCIAL OXXO","462112","Comercio al por menor en minisupers","0 a 5 personas","BOULEVARD","CARLOS PELLICER CAMARA","OTRO(ESPECIFIQUE)","NINGUNO","PERIFERICO","CARLOS PELLICER CÁMARA","OTRO(ESPECIFIQUE)","NINGUNO","1840","SN",,,,,"COLONIA","CARRIZAL","CENTRO Y PLAZA COMERCIAL","EUROPLAZA CINEPOLIS","SN","86038","27","TABASCO","004","Centro","0001","Villahermosa                                                                                                  ","1562","033",,"ATENCIONCLIENTES@OXXO.COM","WWW.OXXO.COM","Fijo","17.98906373","-92.96559057","2013-07"
"6401846","27004462112002082001008202S1","OXXO SUC 50WGJ REMODELADA VSA","CADENA COMERCIAL OXXO","462112","Comercio al por menor en minisupers","0 a 5 personas","AVENIDA","JOSÉ MARÍA PINO SUÁREZ","CALLE","CARMEN SÁNCHEZ","CALLE","MANUEL SÁNCHEZ MÁRMOL","AVENIDA","CONSTITUCIÓN","630",,,,,,"COLONIA","CENTRO",,,,"86000","27","TABASCO","004","Centro","0001","Villahermosa                                                                                                  ","0136","003",,"ATENCIONCLIENTES@OXXO.COM","WWW.OXXO.COM","Fijo","17.99110278","-92.91642693","2014-12"
"6399127","27004462112002102001008202S7","OXXO SUC 50WWE TIERRA COLORADA VSA","CADENA COMERCIAL OXXO","462112","Comercio al por menor en minisupers","0 a 5 personas","PRIVADA","PRIMERA CERRADA DE PROFESOR RAMÓN MENDOZA HERRERA","CALLE","PASEO DE LAS FLORES","CALLE","LAS PALMAS","PRIVADA","GIRASOLES","201",,,,,,"COLONIA","EL RECREO",,,,"86020","27","TABASCO","004","Centro","0001","Villahermosa                                                                                                  ","0013","024",,"ATENCIONCLIENTES@OXXO.COM","WWW.OXXO.COM","Fijo","18.01752261","-92.92277222","2014-12"
"9417281","27004462112005982001008202S9","OXXO SUC 50WX0 MEDICOS VSA","CADENA COMERCIAL OXXO","462112","Comercio al por menor en minisupers","0 a 5 personas","CALLE","MÉDICOS","CALLE","NINGUNO","CALLE","VULCANÓLOGOS","CALLE","QUÍMICOS",,"SN",,,,,"COLONIA","GAVIOTAS SUR 5TA SECCION",,,,"86099","27","TABASCO","004","Centro","0001","Villahermosa                                                                                                  ","1346","037",,"ATENCIONCLIENTES@OXXO.COM","WWW.OXXO.COM","Fijo","17.98001207","-92.90840258","2024-05"
"6400232","27013462112000242101008202S4","OXXO SUC 50WXZ CARMELO VSA","CADENA COMERCIAL OXXO","462112","Comercio al por menor en minisupers","0 a 5 personas","CALLE","FRANCISCO TRUJILLO GURRÍA","PERIFERICO","CARLOS PELLICER CÁMARA","CALLE","NINGUNO","PRIVADA","NINGUNO",,"SN",,,,,"COLONIA","EL CEDRO SALOYA",,,,"86220","27","TABASCO","004","Centro","0001","Villahermosa                                                                                                  ","0511","016",,"ATENCIONCLIENTES@OXXO.COM","WWW.OXXO.COM","Fijo","18.03511388","-92.93079346","2010-07"
"6401379","27004462112000251001008202S4","OXXO SUC 50XKJ ARIES VSA","CADENA COMERCIAL OXXO","462112","Comercio al por menor en minisupers","0 a 5 personas","BOULEVARD","ADOLFO RUÍZ CORTINES","CALLE","FERNANDO MONTES DE OCA","CALLE","ARIES","CALLE","LIBRA","701",,,,,,"FRACCIONAMIENTO","LOMA LINDA",,,,"86050","27","TABASCO","004","Centro","0001","Villahermosa                                                                                                  ","0102","006",,"ATENCIONCLIENTES@OXXO.COM","WWW.OXXO.COM","Fijo","17.9933941","-92.94406521","2010-07"
"6400869","27004462112001492001008202S3","OXXO SUC 50XUL ULTRA VSA","CADENA COMERCIAL OXXO","462112","Comercio al por menor en minisupers","0 a 5 personas","PERIFERICO","CARLOS PELLICER CÁMARA","PRIVADA","NINGUNO","CALLE","CAMINO CURAHUESO","OTRO(ESPECIFIQUE)","RÍO","515",,,,,,"COLONIA","PLUTARCO ELIAS CALLES CURAHUESO",,,,"86170","27","TABASCO","004","Centro","0001","Villahermosa                                                                                                  ","1505","013",,"ATENCIONCLIENTES@OXXO.COM","WWW.OXXO.COM","Fijo","17.9670691","-92.92788136","2010-07"
"6401225","27004462112001302001008202S4","OXXO SUC 50YVA VILLA LOS ARCOS VSA","CADENA COMERCIAL OXXO","462112","Comercio al por menor en minisupers","0 a 5 personas","CALLE","MELCHOR OCAMPO","CALLE","SEIS","CALLE","NIŃO ARTILLERO","CALLE","A","701",,,,,,"COLONIA","VILLA LOS ARCOS",,,,"86130","27","TABASCO","004","Centro","0001","Villahermosa                                                                                                  ","087A","019",,"ATENCIONCLIENTES@OXXO.COM","WWW.OXXO.COM","Fijo","17.97539403","-92.95957006","2010-07"
"6852014","27004462112004502001008202S6","OXXO SUC 50Z8H GARDENIAS VSA","CADENA COMERCIAL OXXO","462112","Comercio al por menor en minisupers","0 a 5 personas","CALLE","GARDENIAS","CALLE","JACINTO TICOMÁN","CALLE","CUICUILCO","CALLE","NINGUNO","102",,,,,,"COLONIA","CIUDAD INDUSTRIAL",,,,"86010","27","TABASCO","004","Centro","0001","Villahermosa                                                                                                  ","1187","022",,"ATENCIONCLIENTES@OXXO.COM","WWW.OXXO.COM","Fijo","18.02834925","-92.90247548","2018-11"
"6400750","27004462112001072001008202S3","OXXO SUC 50ZLV LINDAVISTA VSA","CADENA COMERCIAL OXXO","462112","Comercio al por menor en minisupers","0 a 5 personas","AVENIDA","PASEO USUMACINTA","CALLE","CHIAPAS","OTRO(ESPECIFIQUE)","NINGUNO","CALLE","MACUSPANA",,"SN",,,,,"COLONIA","LINDA VISTA",,,,"86050","27","TABASCO","004","Centro","0001","Villahermosa                                                                                                  ","0808","026",,"ATENCIONCLIENTES@OXXO.COM","WWW.OXXO.COM","Fijo","17.9891579","-92.9422933","2010-07"
"6400749","27004462112001112101008202S7","OXXO SUC 50ZMK AMATE VSA","CADENA COMERCIAL OXXO","462112","Comercio al por menor en minisupers","0 a 5 personas","CALLE","FEDERAL","PRIVADA","CELORIO","CALLE","PEDRERO","OTRO(ESPECIFIQUE)","RÍO",,"SN",,,,,"COLONIA","PLUTARCO ELIAS CALLES",,,,"86170","27","TABASCO","004","Centro","0001","Villahermosa                                                                                                  ","1505","019",,"ATENCIONCLIENTES@OXXO.COM","WWW.OXXO.COM","Fijo","17.96852392","-92.91879314","2013-07"
"6401374","27004462112000531001008202S9","OXXO SUC 50ZYA SIRLOIN VSA","CADENA COMERCIAL OXXO","462112","Comercio al por menor en minisupers","0 a 5 personas","AVENIDA","PASEO TABASCO","AVENIDA","FRANCISCO JAVIER MINA","CALLE","JOAQUÍN PEDRERO","OTRO(ESPECIFIQUE)","NINGUNO","426",,,,,,"COLONIA","CENTRO","CENTRO Y PLAZA COMERCIAL","PASEO TABASCO","SN","86000","27","TABASCO","004","Centro","0001","Villahermosa                                                                                                  ","0776","019",,"ATENCIONCLIENTES@OXXO.COM","WWW.OXXO.COM","Fijo","17.9873461","-92.9258188","2010-07"
